## 子查询

* 1. 什么是子查询？子查询可以出现在哪里？
select语句当中嵌套select语句，被嵌套的select语句是子查询
子查询可以出现在哪里？
select
  ...(select).
from
  ...(select).
where
  ...(select).

* 1.1 where子句中使用子查询

找出高于平均薪资的员工
select * from emp where sal > (selece avg(sal) from emp);
mysql> select * from emp where sal > (select avg(sal) from emp);
+-------+-------+-----------+------+------------+---------+------+--------+
| EMPNO | ENAME | JOB       | MGR  | HIREDATE   | SAL     | COMM | DEPTNO |
+-------+-------+-----------+------+------------+---------+------+--------+
|  7566 | JONES | MANAGER   | 7839 | 1981-04-02 | 2975.00 | NULL |     20 |
|  7698 | BLAKE | MANAGER   | 7839 | 1981-05-01 | 2850.00 | NULL |     30 |
|  7782 | CLARK | MANAGER   | 7839 | 1981-06-09 | 2450.00 | NULL |     10 |
|  7788 | SCOTT | ANALYST   | 7566 | 1987-04-19 | 3000.00 | NULL |     20 |
|  7839 | KING  | PRESIDENT | NULL | 1981-11-17 | 5000.00 | NULL |     10 |
|  7902 | FORD  | ANALYST   | 7566 | 1981-12-03 | 3000.00 | NULL |     20 |
+-------+-------+-----------+------+------------+---------+------+--------+
6 rows in set (0.00 sec)


* 1.2在from后面嵌套子查询
找出每个部门平均薪水的薪资等级

select
  fl.deptno,d.dname,fl.avgsal,s.grade
from
  (select avg(sal) avgsal,deptno from emp group by deptno) fl
join
  dept d
on
  d.deptno=fl.deptno
join
  salgrade s
on
fl.avgsal between s.losal and s.hisal
order by
  fl.avgsal desc
;


mysql> select
    ->   fl.deptno,d.dname,fl.avgsal,s.grade
    -> from
    ->   (select avg(sal) avgsal,deptno from emp group by deptno) fl
    -> join
    ->   dept d
    -> on
    ->   d.deptno=fl.deptno
    -> join
    ->   salgrade s
    -> on
    -> fl.avgsal between s.losal and s.hisal;
+--------+------------+-------------+-------+
| deptno | dname      | avgsal      | grade |
+--------+------------+-------------+-------+
|     30 | SALES      | 1566.666667 |     3 |
|     10 | ACCOUNTING | 2916.666667 |     4 |
|     20 | RESEARCH   | 2175.000000 |     4 |
+--------+------------+-------------+-------+
3 rows in set (0.00 sec)

* 1.3 在select后面嵌套子查询

找出每个员工所在的部门名称，要救显示员工名和部门名

之前的写法

mysql> select e.ename,d.dname from emp e join dept d on e.deptno=d.deptno;
+--------+------------+
| ename  | dname      |
+--------+------------+
| CLARK  | ACCOUNTING |
| KING   | ACCOUNTING |
| MILLER | ACCOUNTING |
| SMITH  | RESEARCH   |
| JONES  | RESEARCH   |
| SCOTT  | RESEARCH   |
| ADAMS  | RESEARCH   |
| FORD   | RESEARCH   |
| ALLEN  | SALES      |
| WARD   | SALES      |
| MARTIN | SALES      |
| BLAKE  | SALES      |
| TURNER | SALES      |
| JAMES  | SALES      |
+--------+------------+
14 rows in set (0.00 sec)

可以换一种写法

mysql> select e.ename,(select d.dname from dept d where d.deptno=e.deptno) dname from emp e;
+--------+------------+
| ename  | dname      |
+--------+------------+
| SMITH  | RESEARCH   |
| ALLEN  | SALES      |
| WARD   | SALES      |
| JONES  | RESEARCH   |
| MARTIN | SALES      |
| BLAKE  | SALES      |
| CLARK  | ACCOUNTING |
| SCOTT  | RESEARCH   |
| KING   | ACCOUNTING |
| TURNER | SALES      |
| ADAMS  | RESEARCH   |
| JAMES  | SALES      |
| FORD   | RESEARCH   |
| MILLER | ACCOUNTING |
+--------+------------+
14 rows in set (0.00 sec)